,Mean NC18O (cm-2),Standard deviation NC18O (cm-2),Median NC18O (cm-2),Min NC18O (cm-2),Max NC18O (cm-2),M (M_sun),u M (M_sun),M_acc (M_sun/yr) (M_star=0.39Msun),u M_acc (M_sun/yr),Sum NC18O (cm-2 Npx),u Sum NC18O (cm-2 Npx)
No kink,1995255480236742.8,884044035925679.9,1992351264532874.5,300540469932626.6,3873691004036763.0,0.009426737793575222,0.000442038712907881,4.604947691179254e-07,2.1593526785101967e-08,1.5682708074660797e+18,7.353937538135229e+16
Kink,1901429341058816.5,833061622853597.1,1931092110899324.0,300540469932626.6,3873691004036763.0,0.011543617660481911,0.0005411027017673715,5.639040424962474e-07,2.6432788221740528e-08,1.9204436344694047e+18,9.002006734515878e+16
