,Sum (cm-2 Npx),M (M_sun),Sum NH2 (cm-2 Npx)
10.0,4.7329356447811514e+17,0.002844925959522629,2.792432030420879e+24
11.0,4.450072400022338e+17,0.0026748993526963787,2.6255427160131795e+24
12.0,4.261171681118927e+17,0.002561352793158139,2.514091291860167e+24
13.0,4.1350947230511e+17,0.002485569043319852,2.4397058866001496e+24
14.0,4.052909242817661e+17,0.0024361680745004764,2.3912164532624205e+24
15.0,4.002498861412636e+17,0.002405866837920864,2.3614743282334554e+24
