,2D bin minimum (au),2D bin maximum (au),3D distance (au),Mass wo kink (Msun),u Mass wo kink (Msun),Mass w kink (Msun),u Mass w kink (Msun),"t_ff (yr, M_env = 0.39 Msun)",Mdot wo kink (Msun yr-1),u Mdot wo kink (Msun yr-1),Mdot w kink (Msun yr-1),u Mdot w kink (Msun yr-1)
0,0.0,360.0,285.0,0.0013275359264230413,8.18959050903226e-05,0.0013275359264230413,8.18959050903226e-05,213.45355815876687,6.219319733408329e-06,3.836708359267939e-07,6.219319733408329e-06,3.836708359267939e-07
1,360.0,720.0,630.0,0.0012060571985179006,9.215323964907722e-05,0.0012060571985179006,9.215323964907722e-05,770.9088505176654,1.5644614764871789e-06,1.1953843776368154e-07,1.5644614764871789e-06,1.1953843776368154e-07
2,720.0,1080.0,985.0,0.0007000302876327164,9.864642143039342e-05,0.0007728003836808213,0.00010320631130347151,1491.4550051583888,4.693606479656253e-07,6.614106432256561e-08,5.181519931932186e-07,6.919840755940959e-08
3,1080.0,1440.0,1340.0,0.0001804996391818701,7.300869752994177e-05,0.0011852287933372817,0.00013267793528198195,2335.6236275664764,7.728113256412616e-08,3.1258759617023865e-08,5.074571002572835e-07,5.680621385913157e-08
4,1440.0,1800.0,1695.0,0.0006012620876057756,9.200966306525955e-05,0.0019103575431207499,0.00014345729039516263,3286.3733599130965,1.8295611050768594e-07,2.7997325011085352e-08,5.812965642988496e-07,4.365215837769453e-08
5,1800.0,2160.0,2055.0,0.0015181865756968725,0.00013524937044253596,0.0016347921267964908,0.0001393664194142422,4345.489408465557,3.493706768078309e-07,3.112408240578225e-08,3.76204374957562e-07,3.207151285255441e-08
6,2160.0,2520.0,2410.0,0.002010140555584849,0.00015411342287481423,0.002010140555584849,0.00015411342287481423,5473.920200944184,3.67221384637307e-07,2.8154123044802813e-08,3.67221384637307e-07,2.8154123044802813e-08
7,2520.0,2880.0,2765.0,0.0025247899708812868,0.00016744157342522798,0.0025247899708812868,0.00016744157342522798,6678.74565679555,3.7803355609332735e-07,2.50708115010875e-08,3.7803355609332735e-07,2.50708115010875e-08
